isic_id,target,probability
ISIC_0015657,0,1.51539852595306e-05
ISIC_0015729,0,7.957535075320266e-08
ISIC_0015740,0,2.2081379938754253e-05
